title,genre,director,country,year,url
36 безумных кулаков,боевиккомедия,Чэнь Чжихуа,Гонконг,1977,https://ru.wikipedia.org/wiki/36_%D0%B1%D0%B5%D0%B7%D1%83%D0%BC%D0%BD%D1%8B%D1%85_%D0%BA%D1%83%D0%BB%D0%B0%D0%BA%D0%BE%D0%B2
34-й скорый,Фильм-катастрофаприключенческий фильмдрама,Андрей Малюков,СССР,30 декабря 1981,https://ru.wikipedia.org/wiki/34-%D0%B9_%D1%81%D0%BA%D0%BE%D1%80%D1%8B%D0%B9
33 (фильм),драма,Патрисия Ригген,США Чили Колумбия,2015,https://ru.wikipedia.org/wiki/33_(%D1%84%D0%B8%D0%BB%D1%8C%D0%BC)
32-е августа на Земле,"драма, мелодрама",Дени Вильнёв,Канада,1998,https://ru.wikipedia.org/wiki/32-%D0%B5_%D0%B0%D0%B2%D0%B3%D1%83%D1%81%D1%82%D0%B0_%D0%BD%D0%B0_%D0%97%D0%B5%D0%BC%D0%BB%D0%B5
32 декабря (фильм),"комедия, фантастикамелодрама",Александр Муратов,Россия,2004,https://ru.wikipedia.org/wiki/32_%D0%B4%D0%B5%D0%BA%D0%B0%D0%B1%D1%80%D1%8F_(%D1%84%D0%B8%D0%BB%D1%8C%D0%BC)
31-й километр,"ужасы, мистика",Ригоберто Кастаньеда,Мексика Испания,2006,https://ru.wikipedia.org/wiki/31-%D0%B9_%D0%BA%D0%B8%D0%BB%D0%BE%D0%BC%D0%B5%D1%82%D1%80
31 июня (фильм),"музыкальный фильм (мюзикл), фэнтези",Леонид Квинихидзе,СССР,,https://ru.wikipedia.org/wiki/31_%D0%B8%D1%8E%D0%BD%D1%8F_(%D1%84%D0%B8%D0%BB%D1%8C%D0%BC)
31 (фильм),Фильм ужасов,Роб Зомби,США,2016,https://ru.wikipedia.org/wiki/31_(%D1%84%D0%B8%D0%BB%D1%8C%D0%BC)
30 Rock: A XXX Parody,порнофильм,Ли Рой Майерс,США,2009,https://ru.wikipedia.org/wiki/30_Rock:_A_XXX_Parody
30 свиданий,комедиямелодрама,Таисия Игуменцева,Россия,2016,https://ru.wikipedia.org/wiki/30_%D1%81%D0%B2%D0%B8%D0%B4%D0%B0%D0%BD%D0%B8%D0%B9
30 ночей паранормального явления с одержимой девушкой с татуировкой дракона,комедийный фильм ужасов,Крэйг Мосс,США,2012,https://ru.wikipedia.org/wiki/30_%D0%BD%D0%BE%D1%87%D0%B5%D0%B9_%D0%BF%D0%B0%D1%80%D0%B0%D0%BD%D0%BE%D1%80%D0%BC%D0%B0%D0%BB%D1%8C%D0%BD%D0%BE%D0%B3%D0%BE_%D1%8F%D0%B2%D0%BB%D0%B5%D0%BD%D0%B8%D1%8F_%D1%81_%D0%BE%D0%B4%D0%B5%D1%80%D0%B6%D0%B8%D0%BC%D0%BE%D0%B9_%D0%B4%D0%B5%D0%B2%D1%83%D1%88%D0%BA%D0%BE%D0%B9_%D1%81_%D1%82%D0%B0%D1%82%D1%83%D0%B8%D1%80%D0%BE%D0%B2%D0%BA%D0%BE%D0%B9_%D0%B4%D1%80%D0%B0%D0%BA%D0%BE%D0%BD%D0%B0
30 дней ночи: Тёмные времена,триллер / фильм ужасов,Бен Кетай,США,2010,https://ru.wikipedia.org/wiki/30_%D0%B4%D0%BD%D0%B5%D0%B9_%D0%BD%D0%BE%D1%87%D0%B8:_%D0%A2%D1%91%D0%BC%D0%BD%D1%8B%D0%B5_%D0%B2%D1%80%D0%B5%D0%BC%D0%B5%D0%BD%D0%B0
30 дней ночи,фильм о вампирах,Дэвид Слейд,США,16 октября 2007[2] и 8 ноября 2007[3],https://ru.wikipedia.org/wiki/30_%D0%B4%D0%BD%D0%B5%D0%B9_%D0%BD%D0%BE%D1%87%D0%B8
30 дней до рассвета,фильм ужасовкомедия,Андерс Банке,Швеция,2006,https://ru.wikipedia.org/wiki/30_%D0%B4%D0%BD%D0%B5%D0%B9_%D0%B4%D0%BE_%D1%80%D0%B0%D1%81%D1%81%D0%B2%D0%B5%D1%82%D0%B0
30 безумных желаний,независимый кинематограф,".mw-parser-output .ts-Wikidata-redLink a{background:none;padding:0}.mw-parser-output .ts-Wikidata-redLink a.external{color:#ba0000;color:var(--color-link-red,#ba0000)}.mw-parser-output .ts-Wikidata-redLink a.external:visited{color:#a55858;color:var(--color-link-red--visited,#a55858)}Питер Хатчингс[вд]",США,2018,https://ru.wikipedia.org/wiki/30_%D0%B1%D0%B5%D0%B7%D1%83%D0%BC%D0%BD%D1%8B%D1%85_%D0%B6%D0%B5%D0%BB%D0%B0%D0%BD%D0%B8%D0%B9
"29-я улица (фильм, 1991)",комедиядрама,Джордж Галло,США,1991,"https://ru.wikipedia.org/wiki/29-%D1%8F_%D1%83%D0%BB%D0%B8%D1%86%D0%B0_(%D1%84%D0%B8%D0%BB%D1%8C%D0%BC,_1991)"
"29 пальм (фильм, 2003)",драмароуд-муви,Брюно Дюмон,Франция Германия США,2003,"https://ru.wikipedia.org/wiki/29_%D0%BF%D0%B0%D0%BB%D1%8C%D0%BC_(%D1%84%D0%B8%D0%BB%D1%8C%D0%BC,_2003)"
29 километр (фильм),"драма, музыкальный фильм",Леонид Андронов,Россия,2012,https://ru.wikipedia.org/wiki/29_%D0%BA%D0%B8%D0%BB%D0%BE%D0%BC%D0%B5%D1%82%D1%80_(%D1%84%D0%B8%D0%BB%D1%8C%D0%BC)
28 недель спустя,постапокалиптический фильм ужасов,Хуан Карлос Фреснадильо,Великобритания США Испания[2],2007,https://ru.wikipedia.org/wiki/28_%D0%BD%D0%B5%D0%B4%D0%B5%D0%BB%D1%8C_%D1%81%D0%BF%D1%83%D1%81%D1%82%D1%8F
28 лет спустя: Храм костей,постапокалиптический фильм ужасов,Ниа Дакоста[англ.],Великобритания США,2026,https://ru.wikipedia.org/wiki/28_%D0%BB%D0%B5%D1%82_%D1%81%D0%BF%D1%83%D1%81%D1%82%D1%8F:_%D0%A5%D1%80%D0%B0%D0%BC_%D0%BA%D0%BE%D1%81%D1%82%D0%B5%D0%B9
28 лет спустя,постапокалиптический фильм ужасов,Дэнни Бойл,Великобритания США,2025,https://ru.wikipedia.org/wiki/28_%D0%BB%D0%B5%D1%82_%D1%81%D0%BF%D1%83%D1%81%D1%82%D1%8F
28 дней спустя,постапокалиптический фильм ужасов,Дэнни Бойл,Великобритания,2002,https://ru.wikipedia.org/wiki/28_%D0%B4%D0%BD%D0%B5%D0%B9_%D1%81%D0%BF%D1%83%D1%81%D1%82%D1%8F
28 дней,"драма, комедия",Бетти Томас,США,2000,https://ru.wikipedia.org/wiki/28_%D0%B4%D0%BD%D0%B5%D0%B9
27-й день,научная фантастика,Уильям Эшер,США,1957,https://ru.wikipedia.org/wiki/27-%D0%B9_%D0%B4%D0%B5%D0%BD%D1%8C
27 украденных поцелуев,комедиядрамамелодрама,Нана Джорджадзе,Грузия Франция Германия Россия,2000,https://ru.wikipedia.org/wiki/27_%D1%83%D0%BA%D1%80%D0%B0%D0%B4%D0%B5%D0%BD%D0%BD%D1%8B%D1%85_%D0%BF%D0%BE%D1%86%D0%B5%D0%BB%D1%83%D0%B5%D0%B2
27 секунд памяти,документальный,Иван Качалин,Россия Чехия Нидерланды,2019,https://ru.wikipedia.org/wiki/27_%D1%81%D0%B5%D0%BA%D1%83%D0%BD%D0%B4_%D0%BF%D0%B0%D0%BC%D1%8F%D1%82%D0%B8
27 свадеб,романтическая комедия,Энн Флетчер,США,2008,https://ru.wikipedia.org/wiki/27_%D1%81%D0%B2%D0%B0%D0%B4%D0%B5%D0%B1
25-й час,криминальный фильмдрама,Спайк Ли,США,2002,https://ru.wikipedia.org/wiki/25-%D0%B9_%D1%87%D0%B0%D1%81
25 ватт,Комедийная драма,Хуан Пабло РебельяПабло Столь,Уругвай,2001,https://ru.wikipedia.org/wiki/25_%D0%B2%D0%B0%D1%82%D1%82
24-25 не возвращается,"детективный фильм, драма",Алоиз Бренч Ростислав Горяев,СССР,1968,https://ru.wikipedia.org/wiki/24-25_%D0%BD%D0%B5_%D0%B2%D0%BE%D0%B7%D0%B2%D1%80%D0%B0%D1%89%D0%B0%D0%B5%D1%82%D1%81%D1%8F
24 часа: Искупление,боевик и драма,Джон Кассар,США,,https://ru.wikipedia.org/wiki/24_%D1%87%D0%B0%D1%81%D0%B0:_%D0%98%D1%81%D0%BA%D1%83%D0%BF%D0%BB%D0%B5%D0%BD%D0%B8%D0%B5
24 часа откровенного секса,порнофильм и сексплуатационный фильм,Жозе Можика Маринш[1],Бразилия,1985,https://ru.wikipedia.org/wiki/24_%D1%87%D0%B0%D1%81%D0%B0_%D0%BE%D1%82%D0%BA%D1%80%D0%BE%D0%B2%D0%B5%D0%BD%D0%BD%D0%BE%D0%B3%D0%BE_%D1%81%D0%B5%D0%BA%D1%81%D0%B0
"24 часа из жизни женщины (фильм, 1999)",комедия,Нэнси Савока,США,1999,"https://ru.wikipedia.org/wiki/24_%D1%87%D0%B0%D1%81%D0%B0_%D0%B8%D0%B7_%D0%B6%D0%B8%D0%B7%D0%BD%D0%B8_%D0%B6%D0%B5%D0%BD%D1%89%D0%B8%D0%BD%D1%8B_(%D1%84%D0%B8%D0%BB%D1%8C%D0%BC,_1999)"
"24 часа из жизни женщины (фильм, 1952)",экранизация литературного произведения[вд],Виктор Сэвилл[1],Великобритания,10 сентября 1952,"https://ru.wikipedia.org/wiki/24_%D1%87%D0%B0%D1%81%D0%B0_%D0%B8%D0%B7_%D0%B6%D0%B8%D0%B7%D0%BD%D0%B8_%D0%B6%D0%B5%D0%BD%D1%89%D0%B8%D0%BD%D1%8B_(%D1%84%D0%B8%D0%BB%D1%8C%D0%BC,_1952)"
"24 часа (фильм, 2002)",триллер,Луис Мандоки,США Германия,2002,"https://ru.wikipedia.org/wiki/24_%D1%87%D0%B0%D1%81%D0%B0_(%D1%84%D0%B8%D0%BB%D1%8C%D0%BC,_2002)"
"24 часа (фильм, 2000)",боевикдрама,Александр Атанесян,Россия,2000,"https://ru.wikipedia.org/wiki/24_%D1%87%D0%B0%D1%81%D0%B0_(%D1%84%D0%B8%D0%BB%D1%8C%D0%BC,_2000)"
24 недели,драма,".mw-parser-output .ts-Wikidata-redLink a{background:none;padding:0}.mw-parser-output .ts-Wikidata-redLink a.external{color:#ba0000;color:var(--color-link-red,#ba0000)}.mw-parser-output .ts-Wikidata-redLink a.external:visited{color:#a55858;color:var(--color-link-red--visited,#a55858)}Анна Зора Берашед[вд][1][4]",Германия,"22 сентября 2016[1][2][…], 13 октября 2016[3] и 2016",https://ru.wikipedia.org/wiki/24_%D0%BD%D0%B5%D0%B4%D0%B5%D0%BB%D0%B8
24 кадра,драма,Аббас Киаростами,Иран Франция,май 2017,https://ru.wikipedia.org/wiki/24_%D0%BA%D0%B0%D0%B4%D1%80%D0%B0
23 (фильм),триллер / драма,Ганс-Христиан Шмидт,Германия,1998,https://ru.wikipedia.org/wiki/23_(%D1%84%D0%B8%D0%BB%D1%8C%D0%BC)
22 пули: Бессмертный,"триллер, детектив",Ришар Берри,Франция,2010,https://ru.wikipedia.org/wiki/22_%D0%BF%D1%83%D0%BB%D0%B8:_%D0%91%D0%B5%D1%81%D1%81%D0%BC%D0%B5%D1%80%D1%82%D0%BD%D1%8B%D0%B9
22 минуты,боевик,Василий Сериков,Россия,2014,https://ru.wikipedia.org/wiki/22_%D0%BC%D0%B8%D0%BD%D1%83%D1%82%D1%8B
22 мили,"боевик, триллер",Питер Берг,США,2018,https://ru.wikipedia.org/wiki/22_%D0%BC%D0%B8%D0%BB%D0%B8
"22 июня, ровно в 4 часа…",драма,Борис Галкин,Россия,1992,"https://ru.wikipedia.org/wiki/22_%D0%B8%D1%8E%D0%BD%D1%8F,_%D1%80%D0%BE%D0%B2%D0%BD%D0%BE_%D0%B2_4_%D1%87%D0%B0%D1%81%D0%B0%E2%80%A6"
22 июля (фильм),Драма,Пол Гринграсс,США,2018,https://ru.wikipedia.org/wiki/22_%D0%B8%D1%8E%D0%BB%D1%8F_(%D1%84%D0%B8%D0%BB%D1%8C%D0%BC)
21 ночь с Патти,комедия,Арно ЛарьеЖан-Мари Ларье,Франция,2015,https://ru.wikipedia.org/wiki/21_%D0%BD%D0%BE%D1%87%D1%8C_%D1%81_%D0%9F%D0%B0%D1%82%D1%82%D0%B8
21 мост,драматриллердетектив,Брайан Кирк,США,2019,https://ru.wikipedia.org/wiki/21_%D0%BC%D0%BE%D1%81%D1%82
21 и больше,комедия,Джон ЛукасСкотт Мур,США,2013,https://ru.wikipedia.org/wiki/21_%D0%B8_%D0%B1%D0%BE%D0%BB%D1%8C%D1%88%D0%B5
21 грамм,драма,Алехандро Гонсалес Иньярриту,США,2003,https://ru.wikipedia.org/wiki/21_%D0%B3%D1%80%D0%B0%D0%BC%D0%BC
20 тысяч разновидностей пчёл,"драма и .mw-parser-output .ts-Wikidata-redLink a{background:none;padding:0}.mw-parser-output .ts-Wikidata-redLink a.external{color:#ba0000;color:var(--color-link-red,#ba0000)}.mw-parser-output .ts-Wikidata-redLink a.external:visited{color:#a55858;color:var(--color-link-red--visited,#a55858)}ЛГБТ-фильм[вд]",Эстибалис Урресола[вд],Испания,2023,https://ru.wikipedia.org/wiki/20_%D1%82%D1%8B%D1%81%D1%8F%D1%87_%D1%80%D0%B0%D0%B7%D0%BD%D0%BE%D0%B2%D0%B8%D0%B4%D0%BD%D0%BE%D1%81%D1%82%D0%B5%D0%B9_%D0%BF%D1%87%D1%91%D0%BB
20 сигарет,драмакомедия,Александр Горновский,Россия,2007,https://ru.wikipedia.org/wiki/20_%D1%81%D0%B8%D0%B3%D0%B0%D1%80%D0%B5%D1%82
20 сантиметров,комедиямюзикл,Рамон Саласар,Испания Франция,2005,https://ru.wikipedia.org/wiki/20_%D1%81%D0%B0%D0%BD%D1%82%D0%B8%D0%BC%D0%B5%D1%82%D1%80%D0%BE%D0%B2
20 миллионов миль до Земли,"научно-фантастический фильм, фильм о монстрах, фильм-катастрофа, приключения, фэнтези, фильм-триллер, фильм ужасов и .mw-parser-output .ts-Wikidata-redLink a{background:none;padding:0}.mw-parser-output .ts-Wikidata-redLink a.external{color:#ba0000;color:var(--color-link-red,#ba0000)}.mw-parser-output .ts-Wikidata-redLink a.external:visited{color:#a55858;color:var(--color-link-red--visited,#a55858)}научно-фантастический фильм ужасов[вд]",Натан Юран,США Италия ФРГ,1957,https://ru.wikipedia.org/wiki/20_%D0%BC%D0%B8%D0%BB%D0%BB%D0%B8%D0%BE%D0%BD%D0%BE%D0%B2_%D0%BC%D0%B8%D0%BB%D1%8C_%D0%B4%D0%BE_%D0%97%D0%B5%D0%BC%D0%BB%D0%B8
20 дней в Мариуполе,документальный фильм и военный фильм,Мстислав Чернов,Украина,2023,https://ru.wikipedia.org/wiki/20_%D0%B4%D0%BD%D0%B5%D0%B9_%D0%B2_%D0%9C%D0%B0%D1%80%D0%B8%D1%83%D0%BF%D0%BE%D0%BB%D0%B5
20 декабря (телефильм),исторический фильм,Григорий Никулин,СССР,,https://ru.wikipedia.org/wiki/20_%D0%B4%D0%B5%D0%BA%D0%B0%D0%B1%D1%80%D1%8F_(%D1%82%D0%B5%D0%BB%D0%B5%D1%84%D0%B8%D0%BB%D1%8C%D0%BC)
"20 000 лье под водой (фильм, 1997)","приключенческий фильм, научная фантастика",Род Харди,США,1997,"https://ru.wikipedia.org/wiki/20_000_%D0%BB%D1%8C%D0%B5_%D0%BF%D0%BE%D0%B4_%D0%B2%D0%BE%D0%B4%D0%BE%D0%B9_(%D1%84%D0%B8%D0%BB%D1%8C%D0%BC,_1997)"
"20 000 лье под водой (фильм, 1954)","драма, стимпанк, приключенческий фильм",Ричард Флейшер,США,1954,"https://ru.wikipedia.org/wiki/20_000_%D0%BB%D1%8C%D0%B5_%D0%BF%D0%BE%D0%B4_%D0%B2%D0%BE%D0%B4%D0%BE%D0%B9_(%D1%84%D0%B8%D0%BB%D1%8C%D0%BC,_1954)"
"20 000 лье под водой (фильм, 1916)",фантастика,Стюарт Патон,США,1916,"https://ru.wikipedia.org/wiki/20_000_%D0%BB%D1%8C%D0%B5_%D0%BF%D0%BE%D0%B4_%D0%B2%D0%BE%D0%B4%D0%BE%D0%B9_(%D1%84%D0%B8%D0%BB%D1%8C%D0%BC,_1916)"
20 000 лет в Синг-Синге,Криминальная мелодрамаТюремная драма,Майкл Кёртис,США,1932,https://ru.wikipedia.org/wiki/20_000_%D0%BB%D0%B5%D1%82_%D0%B2_%D0%A1%D0%B8%D0%BD%D0%B3-%D0%A1%D0%B8%D0%BD%D0%B3%D0%B5
20 000 дней на Земле,документальныймузыкальный,Айан ФорсайтДжейн Поллард,Великобритания,2014,https://ru.wikipedia.org/wiki/20_000_%D0%B4%D0%BD%D0%B5%D0%B9_%D0%BD%D0%B0_%D0%97%D0%B5%D0%BC%D0%BB%D0%B5
18-летняя девственница,комедия,Тамара Олсон,США,2008,https://ru.wikipedia.org/wiki/18-%D0%BB%D0%B5%D1%82%D0%BD%D1%8F%D1%8F_%D0%B4%D0%B5%D0%B2%D1%81%D1%82%D0%B2%D0%B5%D0%BD%D0%BD%D0%B8%D1%86%D0%B0
18-14,исторический детективприключение,Андрес Пуустусмаа,Россия,2007,https://ru.wikipedia.org/wiki/18-14
"18 мая (фильм, 2007)",боевикдрамавоенныйистория,Ким Джи Хун[англ.],Республика Корея,2007,"https://ru.wikipedia.org/wiki/18_%D0%BC%D0%B0%D1%8F_(%D1%84%D0%B8%D0%BB%D1%8C%D0%BC,_2007)"
18 килогерц,драма,Фархат Шарипов,Казахстан,2020,https://ru.wikipedia.org/wiki/18_%D0%BA%D0%B8%D0%BB%D0%BE%D0%B3%D0%B5%D1%80%D1%86
18 бронзовых бойцов,боевикдрама,Джозеф Го[англ.],Гонконг Китайская Республика,1975[1][2],https://ru.wikipedia.org/wiki/18_%D0%B1%D1%80%D0%BE%D0%BD%D0%B7%D0%BE%D0%B2%D1%8B%D1%85_%D0%B1%D0%BE%D0%B9%D1%86%D0%BE%D0%B2
17 девушек (фильм),драма,Дельфин КулинМюриэль Кулин,Франция,2011,https://ru.wikipedia.org/wiki/17_%D0%B4%D0%B5%D0%B2%D1%83%D1%88%D0%B5%D0%BA_(%D1%84%D0%B8%D0%BB%D1%8C%D0%BC)
16 кварталов,криминальный фильмдраматриллер,Ричард Доннер,США,2006,https://ru.wikipedia.org/wiki/16_%D0%BA%D0%B2%D0%B0%D1%80%D1%82%D0%B0%D0%BB%D0%BE%D0%B2
16 желаний,подростковая фэнтезийная комедия,Питер Делуиз,США,,https://ru.wikipedia.org/wiki/16_%D0%B6%D0%B5%D0%BB%D0%B0%D0%BD%D0%B8%D0%B9
15 минут славы,Криминальная драмабоевик,Джон Херцфелд,США,2001,https://ru.wikipedia.org/wiki/15_%D0%BC%D0%B8%D0%BD%D1%83%D1%82_%D1%81%D0%BB%D0%B0%D0%B2%D1%8B
15 августа (фильм),комедия,Патрик Алессандрен,Франция,2001,https://ru.wikipedia.org/wiki/15_%D0%B0%D0%B2%D0%B3%D1%83%D1%81%D1%82%D0%B0_(%D1%84%D0%B8%D0%BB%D1%8C%D0%BC)
14+: Продолжение,мелодрама,Андрей Зайцев,Россия,2023,https://ru.wikipedia.org/wiki/14%2B:_%D0%9F%D1%80%D0%BE%D0%B4%D0%BE%D0%BB%D0%B6%D0%B5%D0%BD%D0%B8%D0%B5
14+,мелодрама,Андрей Зайцев,Россия,2015,https://ru.wikipedia.org/wiki/14%2B
14 клинков,боевиктриллер,Дэниел Ли,Гонконг Китай,2010,https://ru.wikipedia.org/wiki/14_%D0%BA%D0%BB%D0%B8%D0%BD%D0%BA%D0%BE%D0%B2
14 июля (фильм),комедия,Рене Клер,Франция,1933,https://ru.wikipedia.org/wiki/14_%D0%B8%D1%8E%D0%BB%D1%8F_(%D1%84%D0%B8%D0%BB%D1%8C%D0%BC)
14 амазонок,приключенческий фильмдрамавоенный фильм,Чэн ГанДун Шаоюн,Гонконг,1972,https://ru.wikipedia.org/wiki/14_%D0%B0%D0%BC%D0%B0%D0%B7%D0%BE%D0%BD%D0%BE%D0%BA
13-я жертва,ужасы,Мэл Хаус[англ.],США,2008,https://ru.wikipedia.org/wiki/13-%D1%8F_%D0%B6%D0%B5%D1%80%D1%82%D0%B2%D0%B0
13-й участок,"криминальный фильмдрама, экранизация",Мартин Фрич,Чехословакия,1946,https://ru.wikipedia.org/wiki/13-%D0%B9_%D1%83%D1%87%D0%B0%D1%81%D1%82%D0%BE%D0%BA
13-й район: Ультиматум,боевик,Патрик Алессандрен (фр. Patrick Alessandrin),Франция,2009,https://ru.wikipedia.org/wiki/13-%D0%B9_%D1%80%D0%B0%D0%B9%D0%BE%D0%BD:_%D0%A3%D0%BB%D1%8C%D1%82%D0%B8%D0%BC%D0%B0%D1%82%D1%83%D0%BC
13-й район: Кирпичные особняки,боевик,Камиль Деламарр,Франция Канада США,2014,https://ru.wikipedia.org/wiki/13-%D0%B9_%D1%80%D0%B0%D0%B9%D0%BE%D0%BD:_%D0%9A%D0%B8%D1%80%D0%BF%D0%B8%D1%87%D0%BD%D1%8B%D0%B5_%D0%BE%D1%81%D0%BE%D0%B1%D0%BD%D1%8F%D0%BA%D0%B8
13-й район,боевик,Пьер Морель,Франция,2004,https://ru.wikipedia.org/wiki/13-%D0%B9_%D1%80%D0%B0%D0%B9%D0%BE%D0%BD
13-й знак,Ужасы,Джонти ЭктонАдам Мэйсон,Великобритания,2000,https://ru.wikipedia.org/wiki/13-%D0%B9_%D0%B7%D0%BD%D0%B0%D0%BA
13-й апостол,фантастический фильм,Сурен Бабаян,СССР,1988,https://ru.wikipedia.org/wiki/13-%D0%B9_%D0%B0%D0%BF%D0%BE%D1%81%D1%82%D0%BE%D0%BB
13 часов: Тайные солдаты Бенгази,военныйдраматриллер,Майкл Бэй,США,2016,https://ru.wikipedia.org/wiki/13_%D1%87%D0%B0%D1%81%D0%BE%D0%B2:_%D0%A2%D0%B0%D0%B9%D0%BD%D1%8B%D0%B5_%D1%81%D0%BE%D0%BB%D0%B4%D0%B0%D1%82%D1%8B_%D0%91%D0%B5%D0%BD%D0%B3%D0%B0%D0%B7%D0%B8
13 убийц,боевик,Такаси Миикэ,Япония,2010,https://ru.wikipedia.org/wiki/13_%D1%83%D0%B1%D0%B8%D0%B9%D1%86
13 стульев,Комедия,Эмерих Йозеф Войтек,Нацистская Германия,1938,https://ru.wikipedia.org/wiki/13_%D1%81%D1%82%D1%83%D0%BB%D1%8C%D0%B5%D0%B2
13 призраков,фильм ужасов,Уильям Касл,США,1960,https://ru.wikipedia.org/wiki/13_%D0%BF%D1%80%D0%B8%D0%B7%D1%80%D0%B0%D0%BA%D0%BE%D0%B2
13 изгнаний дьявола,фильм ужасов,Хакобо Мартинес,Испания,2022,https://ru.wikipedia.org/wiki/13_%D0%B8%D0%B7%D0%B3%D0%BD%D0%B0%D0%BD%D0%B8%D0%B9_%D0%B4%D1%8C%D1%8F%D0%B2%D0%BE%D0%BB%D0%B0
13 друзей хунты,документальный,,Россия,2014,https://ru.wikipedia.org/wiki/13_%D0%B4%D1%80%D1%83%D0%B7%D0%B5%D0%B9_%D1%85%D1%83%D0%BD%D1%82%D1%8B
13 дней во Франции,документальный фильмспортивный фильм,Клод ЛелушЖиль ГиФрансуа Рейшенбах,Франция,1968,https://ru.wikipedia.org/wiki/13_%D0%B4%D0%BD%D0%B5%D0%B9_%D0%B2%D0%BE_%D0%A4%D1%80%D0%B0%D0%BD%D1%86%D0%B8%D0%B8
13 грехов,"триллер, фильм ужасов",Даниэль Штамм,США,2014,https://ru.wikipedia.org/wiki/13_%D0%B3%D1%80%D0%B5%D1%85%D0%BE%D0%B2
12:08 к востоку от Бухареста,комедия,Корнелиу Порумбою,Румыния,2006,https://ru.wikipedia.org/wiki/12:08_%D0%BA_%D0%B2%D0%BE%D1%81%D1%82%D0%BE%D0%BA%D1%83_%D0%BE%D1%82_%D0%91%D1%83%D1%85%D0%B0%D1%80%D0%B5%D1%81%D1%82%D0%B0
"12 стульев (фильм, 1976)",комедия мюзикл мелодрама,Марк Захаров,СССР,,"https://ru.wikipedia.org/wiki/12_%D1%81%D1%82%D1%83%D0%BB%D1%8C%D0%B5%D0%B2_(%D1%84%D0%B8%D0%BB%D1%8C%D0%BC,_1976)"
"12 стульев (фильм, 1971)",комедия,Леонид Гайдай,СССР,21 июня 1971,"https://ru.wikipedia.org/wiki/12_%D1%81%D1%82%D1%83%D0%BB%D1%8C%D0%B5%D0%B2_(%D1%84%D0%B8%D0%BB%D1%8C%D0%BC,_1971)"
12 стульев (телеспектакль),телеспектакль,Александр Белинский,СССР,1966,https://ru.wikipedia.org/wiki/12_%D1%81%D1%82%D1%83%D0%BB%D1%8C%D0%B5%D0%B2_(%D1%82%D0%B5%D0%BB%D0%B5%D1%81%D0%BF%D0%B5%D0%BA%D1%82%D0%B0%D0%BA%D0%BB%D1%8C)
12 раундов: Перезагрузка,боевиктриллер,".mw-parser-output .ts-Wikidata-redLink a{background:none;padding:0}.mw-parser-output .ts-Wikidata-redLink a.external{color:#ba0000;color:var(--color-link-red,#ba0000)}.mw-parser-output .ts-Wikidata-redLink a.external:visited{color:#a55858;color:var(--color-link-red--visited,#a55858)}Роэль Рейн[вд][1][2]",США,2013,https://ru.wikipedia.org/wiki/12_%D1%80%D0%B0%D1%83%D0%BD%D0%B4%D0%BE%D0%B2:_%D0%9F%D0%B5%D1%80%D0%B5%D0%B7%D0%B0%D0%B3%D1%80%D1%83%D0%B7%D0%BA%D0%B0
12 раундов,боевиктриллеркриминал,Ренни Харлин,США,2009,https://ru.wikipedia.org/wiki/12_%D1%80%D0%B0%D1%83%D0%BD%D0%B4%D0%BE%D0%B2
"12 разгневанных мужчин (фильм, 1997)",".mw-parser-output .ts-Wikidata-redLink a{background:none;padding:0}.mw-parser-output .ts-Wikidata-redLink a.external{color:#ba0000;color:var(--color-link-red,#ba0000)}.mw-parser-output .ts-Wikidata-redLink a.external:visited{color:#a55858;color:var(--color-link-red--visited,#a55858)}процессуальная драма[вд]",Уильям Фридкин,США,,"https://ru.wikipedia.org/wiki/12_%D1%80%D0%B0%D0%B7%D0%B3%D0%BD%D0%B5%D0%B2%D0%B0%D0%BD%D0%BD%D1%8B%D1%85_%D0%BC%D1%83%D0%B6%D1%87%D0%B8%D0%BD_(%D1%84%D0%B8%D0%BB%D1%8C%D0%BC,_1997)"
"12 разгневанных мужчин (фильм, 1957)",юридическая драма,Сидни Люмет,США,1957,"https://ru.wikipedia.org/wiki/12_%D1%80%D0%B0%D0%B7%D0%B3%D0%BD%D0%B5%D0%B2%D0%B0%D0%BD%D0%BD%D1%8B%D1%85_%D0%BC%D1%83%D0%B6%D1%87%D0%B8%D0%BD_(%D1%84%D0%B8%D0%BB%D1%8C%D0%BC,_1957)"
12 обезьян (фильм),фантастикатриллердрамаантиутопия,Терри Гиллиам,США,1995,https://ru.wikipedia.org/wiki/12_%D0%BE%D0%B1%D0%B5%D0%B7%D1%8C%D1%8F%D0%BD_(%D1%84%D0%B8%D0%BB%D1%8C%D0%BC)
12 могил Ходжи Насреддина,"комедия, сказка",Климентий Минц,СССР,1966,https://ru.wikipedia.org/wiki/12_%D0%BC%D0%BE%D0%B3%D0%B8%D0%BB_%D0%A5%D0%BE%D0%B4%D0%B6%D0%B8_%D0%9D%D0%B0%D1%81%D1%80%D0%B5%D0%B4%D0%B4%D0%B8%D0%BD%D0%B0
12 месяцев. Новая сказка,"фильм-сказка,комедия,мелодрама,семейный фильм",Денис Елеонский,Россия,19 февраля 2015,https://ru.wikipedia.org/wiki/12_%D0%BC%D0%B5%D1%81%D1%8F%D1%86%D0%B5%D0%B2._%D0%9D%D0%BE%D0%B2%D0%B0%D1%8F_%D1%81%D0%BA%D0%B0%D0%B7%D0%BA%D0%B0
"12 месяцев (фильм, 2013)",романтическая фэнтезийная комедия,Александр Баршак,Россия,2013,"https://ru.wikipedia.org/wiki/12_%D0%BC%D0%B5%D1%81%D1%8F%D1%86%D0%B5%D0%B2_(%D1%84%D0%B8%D0%BB%D1%8C%D0%BC,_2013)"
12 лет рабства,историческая драма,Стив Маккуин,Великобритания США,2013,https://ru.wikipedia.org/wiki/12_%D0%BB%D0%B5%D1%82_%D1%80%D0%B0%D0%B1%D1%81%D1%82%D0%B2%D0%B0
12 дней страха,"ужасы, триллер, драма",Джек Шолдер,ЮАР,2004,https://ru.wikipedia.org/wiki/12_%D0%B4%D0%BD%D0%B5%D0%B9_%D1%81%D1%82%D1%80%D0%B0%D1%85%D0%B0
12 (фильм),"психологический триллер,юридический детектив,драма",Никита Михалков,Россия,2007,https://ru.wikipedia.org/wiki/12_(%D1%84%D0%B8%D0%BB%D1%8C%D0%BC)
11.6,драма,Филипп Годо,Франция,2013,https://ru.wikipedia.org/wiki/11.6
11:14,триллердетективкриминалчёрная комедия,Грег Маркс[англ.],США Канада,2003,https://ru.wikipedia.org/wiki/11:14
11-11-11,фильм ужасов о сверхъестественном,Даррен Линн Боусман,США Испания,2011,https://ru.wikipedia.org/wiki/11-11-11
11 сентября (фильм),драмаисторическийкиноальманах,Самира МахмальбафКлод ЛелушЮсеф ШахинДанис ТановичИдрисса УэдраогоКен ЛоучАлехандро Гонсалес ИнарритуАмос ГитайМира НаирШон ПеннСёхэй Имамура,Иран Франция Египет Босния и Герцеговина Буркина-Фасо Великобритания Мексика Израиль Индия США Япония,2002,https://ru.wikipedia.org/wiki/11_%D1%81%D0%B5%D0%BD%D1%82%D1%8F%D0%B1%D1%80%D1%8F_(%D1%84%D0%B8%D0%BB%D1%8C%D0%BC)
10 шагов к успеху,комедийная драма,Брэд Силберлинг,США,2006,https://ru.wikipedia.org/wiki/10_%D1%88%D0%B0%D0%B3%D0%BE%D0%B2_%D0%BA_%D1%83%D1%81%D0%BF%D0%B5%D1%85%D1%83
10 причин моей ненависти,подростковая романтическая комедия,Джил Джангер,США,1999,https://ru.wikipedia.org/wiki/10_%D0%BF%D1%80%D0%B8%D1%87%D0%B8%D0%BD_%D0%BC%D0%BE%D0%B5%D0%B9_%D0%BD%D0%B5%D0%BD%D0%B0%D0%B2%D0%B8%D1%81%D1%82%D0%B8
10 на 10,психологический триллер,Сьюзи Юинг,Великобритания США,2018,https://ru.wikipedia.org/wiki/10_%D0%BD%D0%B0_10
10 миль в час,Документальное кино,Хантер Уикс[англ.],США США,2007,https://ru.wikipedia.org/wiki/10_%D0%BC%D0%B8%D0%BB%D1%8C_%D0%B2_%D1%87%D0%B0%D1%81
10 лет спустя,романтическая комедийная драма,Джеми Линден,США,2011,https://ru.wikipedia.org/wiki/10_%D0%BB%D0%B5%D1%82_%D1%81%D0%BF%D1%83%D1%81%D1%82%D1%8F
10 000 лет до нашей эры,приключенческий боевик,Роланд Эммерих,ЮАР США,"22 февраля 2008, 6 марта 2008[1], 7 марта 2008[2], 12 марта 2008 и 14 марта 2008[3]",https://ru.wikipedia.org/wiki/10_000_%D0%BB%D0%B5%D1%82_%D0%B4%D0%BE_%D0%BD%D0%B0%D1%88%D0%B5%D0%B9_%D1%8D%D1%80%D1%8B
"9/11 (фильм, 2017)",драма фильм-катастрофа,Мартин Гиги,США,2017,"https://ru.wikipedia.org/wiki/9/11_(%D1%84%D0%B8%D0%BB%D1%8C%D0%BC,_2017)"
9 смертей ниндзя,боевик,Эмметт Олстон,США,1985,https://ru.wikipedia.org/wiki/9_%D1%81%D0%BC%D0%B5%D1%80%D1%82%D0%B5%D0%B9_%D0%BD%D0%B8%D0%BD%D0%B4%D0%B7%D1%8F
9 секунд,"биография, драма",Олег Штром,Россия,2024,https://ru.wikipedia.org/wiki/9_%D1%81%D0%B5%D0%BA%D1%83%D0%BD%D0%B4
9 рота (фильм),"военно-историческийбоевик, драма",Фёдор Бондарчук,Россия Украина,2005,https://ru.wikipedia.org/wiki/9_%D1%80%D0%BE%D1%82%D0%B0_(%D1%84%D0%B8%D0%BB%D1%8C%D0%BC)
9 песен,драмамелодрамамузыкальный фильмэротика,Майкл Уинтерботтом,Великобритания,2004,https://ru.wikipedia.org/wiki/9_%D0%BF%D0%B5%D1%81%D0%B5%D0%BD
9 месяцев строгого режима,комедия,Альбер Дюпонтель,Франция,2013,https://ru.wikipedia.org/wiki/9_%D0%BC%D0%B5%D1%81%D1%8F%D1%86%D0%B5%D0%B2_%D1%81%D1%82%D1%80%D0%BE%D0%B3%D0%BE%D0%B3%D0%BE_%D1%80%D0%B5%D0%B6%D0%B8%D0%BC%D0%B0
9 мёртвых геев,драмакомедия,Лаб Ки Мо,Великобритания,2002,https://ru.wikipedia.org/wiki/9_%D0%BC%D1%91%D1%80%D1%82%D0%B2%D1%8B%D1%85_%D0%B3%D0%B5%D0%B5%D0%B2
9 мая. Личное отношение,Телеальманах,Авдотья СмирноваАлександр КоттВладимир КоттЕвгений ЛаврентьевКарен ОганесянМаксим ПежемскийЕгор КончаловскийВасилий Чигинский,Россия,2008—2010,https://ru.wikipedia.org/wiki/9_%D0%BC%D0%B0%D1%8F._%D0%9B%D0%B8%D1%87%D0%BD%D0%BE%D0%B5_%D0%BE%D1%82%D0%BD%D0%BE%D1%88%D0%B5%D0%BD%D0%B8%D0%B5
9 душ,фильм-драма,Тосиаки Тоёда,Япония,2003,https://ru.wikipedia.org/wiki/9_%D0%B4%D1%83%D1%88
9 апреля (фильм),"Военный, драма",Рони Эзра,Дания,2015,https://ru.wikipedia.org/wiki/9_%D0%B0%D0%BF%D1%80%D0%B5%D0%BB%D1%8F_(%D1%84%D0%B8%D0%BB%D1%8C%D0%BC)
8-битное Рождество,комедия,Майкл Даус,США,2021,https://ru.wikipedia.org/wiki/8-%D0%B1%D0%B8%D1%82%D0%BD%D0%BE%D0%B5_%D0%A0%D0%BE%D0%B6%D0%B4%D0%B5%D1%81%D1%82%D0%B2%D0%BE
8 свиданий,Романтическая кинокомедия,"Перис Романо, Родриго Сорогойен",Испания,2008,https://ru.wikipedia.org/wiki/8_%D1%81%D0%B2%D0%B8%D0%B4%D0%B0%D0%BD%D0%B8%D0%B9
8 подруг Оушена,кинокомедиякриминальный фильм,Гэри Росс,США,2018,https://ru.wikipedia.org/wiki/8_%D0%BF%D0%BE%D0%B4%D1%80%D1%83%D0%B3_%D0%9E%D1%83%D1%88%D0%B5%D0%BD%D0%B0
8 первых свиданий,"мелодрама, комедия",Дэвид ДодсонАлександр Маляревский,Россия Украина,2012,https://ru.wikipedia.org/wiki/8_%D0%BF%D0%B5%D1%80%D0%B2%D1%8B%D1%85_%D1%81%D0%B2%D0%B8%D0%B4%D0%B0%D0%BD%D0%B8%D0%B9
8 миллиметров,триллеркриминал,Джоэл Шумахер,США Германия,1999,https://ru.wikipedia.org/wiki/8_%D0%BC%D0%B8%D0%BB%D0%BB%D0%B8%D0%BC%D0%B5%D1%82%D1%80%D0%BE%D0%B2
8 лучших свиданий,комедия / мелодрама,Марюс Вайсберг,Россия Украина,2016,https://ru.wikipedia.org/wiki/8_%D0%BB%D1%83%D1%87%D1%88%D0%B8%D1%85_%D1%81%D0%B2%D0%B8%D0%B4%D0%B0%D0%BD%D0%B8%D0%B9
8 женщин (фильм),мюзиклкомедия детектив,Франсуа Озон,Франция Италия,2002,https://ru.wikipedia.org/wiki/8_%D0%B6%D0%B5%D0%BD%D1%89%D0%B8%D0%BD_(%D1%84%D0%B8%D0%BB%D1%8C%D0%BC)
8 ½ $,криминальная комедия,Григорий Константинопольский,Россия,1999,https://ru.wikipedia.org/wiki/8_%C2%BD_$
8 (фильм),историческая драма,Хулио Медем,Испания,2025,https://ru.wikipedia.org/wiki/8_(%D1%84%D0%B8%D0%BB%D1%8C%D0%BC)
7:35 утра,короткометражный музыкальный,Начо Вигалондо,Испания[1],"21 ноября 2003, 12 марта 2004, 17 мая 2009 и 29 октября 2010",https://ru.wikipedia.org/wiki/7:35_%D1%83%D1%82%D1%80%D0%B0
007: Спектр,шпионский фильм,Сэм Мендес,Великобритания США,2015,https://ru.wikipedia.org/wiki/007:_%D0%A1%D0%BF%D0%B5%D0%BA%D1%82%D1%80
007: Координаты «Скайфолл»,шпионский фильм,Сэм Мендес,Великобритания США,2012,https://ru.wikipedia.org/wiki/007:_%D0%9A%D0%BE%D0%BE%D1%80%D0%B4%D0%B8%D0%BD%D0%B0%D1%82%D1%8B_%C2%AB%D0%A1%D0%BA%D0%B0%D0%B9%D1%84%D0%BE%D0%BB%D0%BB%C2%BB
07-й меняет курс,боевик/драма,Владимир Потапов,Россия,2007,https://ru.wikipedia.org/wiki/07-%D0%B9_%D0%BC%D0%B5%D0%BD%D1%8F%D0%B5%D1%82_%D0%BA%D1%83%D1%80%D1%81
7 ящиков,триллеркриминал,Хуан Карлос МанельяТана Шембори,Парагвай,2012,https://ru.wikipedia.org/wiki/7_%D1%8F%D1%89%D0%B8%D0%BA%D0%BE%D0%B2
7 секунд (фильм),боевик,Саймон Феллоуз,США Румыния Швейцария Великобритания,28 июня 2005 и 12 сентября 2005,https://ru.wikipedia.org/wiki/7_%D1%81%D0%B5%D0%BA%D1%83%D0%BD%D0%B4_(%D1%84%D0%B8%D0%BB%D1%8C%D0%BC)
7 женщин,драма,Джон Форд,США,1966,https://ru.wikipedia.org/wiki/7_%D0%B6%D0%B5%D0%BD%D1%89%D0%B8%D0%BD
"7 дней, 7 ночей (фильм, 2024)",семейный фильм,Айк Кбеян,Россия,2024,"https://ru.wikipedia.org/wiki/7_%D0%B4%D0%BD%D0%B5%D0%B9,_7_%D0%BD%D0%BE%D1%87%D0%B5%D0%B9_(%D1%84%D0%B8%D0%BB%D1%8C%D0%BC,_2024)"
7 дней и ночей с Мэрилин,драмабиография,Саймон Кёртис[англ.],Великобритания,2011,https://ru.wikipedia.org/wiki/7_%D0%B4%D0%BD%D0%B5%D0%B9_%D0%B8_%D0%BD%D0%BE%D1%87%D0%B5%D0%B9_%D1%81_%D0%9C%D1%8D%D1%80%D0%B8%D0%BB%D0%B8%D0%BD
7 дней до смерти,драмафильм ужасовтриллер,Себастьян Ниман,США Германия Чехия,2000,https://ru.wikipedia.org/wiki/7_%D0%B4%D0%BD%D0%B5%D0%B9_%D0%B4%D0%BE_%D1%81%D0%BC%D0%B5%D1%80%D1%82%D0%B8
7 дней в Сирии,документальный фильм,".mw-parser-output .ts-Wikidata-redLink a{background:none;padding:0}.mw-parser-output .ts-Wikidata-redLink a.external{color:#ba0000;color:var(--color-link-red,#ba0000)}.mw-parser-output .ts-Wikidata-redLink a.external:visited{color:#a55858;color:var(--color-link-red--visited,#a55858)}Роберт Риппбергер[вд]",США,2015,https://ru.wikipedia.org/wiki/7_%D0%B4%D0%BD%D0%B5%D0%B9_%D0%B2_%D0%A1%D0%B8%D1%80%D0%B8%D0%B8
7 главных желаний,комедиямелодрама,Вадим Соколовский,Россия,2013,https://ru.wikipedia.org/wiki/7_%D0%B3%D0%BB%D0%B0%D0%B2%D0%BD%D1%8B%D1%85_%D0%B6%D0%B5%D0%BB%D0%B0%D0%BD%D0%B8%D0%B9
6-й день,фантастикатриллер,Роджер Споттисвуд,США,2000,https://ru.wikipedia.org/wiki/6-%D0%B9_%D0%B4%D0%B5%D0%BD%D1%8C
6 дней,боевиктриллер,Тоа Фрейзер,Великобритания Новая Зеландия,2017,https://ru.wikipedia.org/wiki/6_%D0%B4%D0%BD%D0%B5%D0%B9
5×2,мелодрамадрама,Франсуа Озон,Франция,2004,https://ru.wikipedia.org/wiki/5%C3%972
5-я волна,постапокалиптиканаучная фантастика,Дж. Блэйксон,США,2016,https://ru.wikipedia.org/wiki/5-%D1%8F_%D0%B2%D0%BE%D0%BB%D0%BD%D0%B0
5 терапия,"драма, триллер, биография",Алиса Павловская,Украина,2017,https://ru.wikipedia.org/wiki/5_%D1%82%D0%B5%D1%80%D0%B0%D0%BF%D0%B8%D1%8F
"5 сантиметров в секунду (фильм, 2025)",,".mw-parser-output .ts-Wikidata-redLink a{background:none;padding:0}.mw-parser-output .ts-Wikidata-redLink a.external{color:#ba0000;color:var(--color-link-red,#ba0000)}.mw-parser-output .ts-Wikidata-redLink a.external:visited{color:#a55858;color:var(--color-link-red--visited,#a55858)}Ёсиюки Окуяма[вд]",Япония,2025,"https://ru.wikipedia.org/wiki/5_%D1%81%D0%B0%D0%BD%D1%82%D0%B8%D0%BC%D0%B5%D1%82%D1%80%D0%BE%D0%B2_%D0%B2_%D1%81%D0%B5%D0%BA%D1%83%D0%BD%D0%B4%D1%83_(%D1%84%D0%B8%D0%BB%D1%8C%D0%BC,_2025)"
5 разбитых камер,документальный фильм,"Эмад Бурнат, Гай Давиди",Израиль ПНА Франция Нидерланды,2011,https://ru.wikipedia.org/wiki/5_%D1%80%D0%B0%D0%B7%D0%B1%D0%B8%D1%82%D1%8B%D1%85_%D0%BA%D0%B0%D0%BC%D0%B5%D1%80
5 причин не влюбиться в казаха,комедия,Аскар Узабаев,Казахстан,2017,https://ru.wikipedia.org/wiki/5_%D0%BF%D1%80%D0%B8%D1%87%D0%B8%D0%BD_%D0%BD%D0%B5_%D0%B2%D0%BB%D1%8E%D0%B1%D0%B8%D1%82%D1%8C%D1%81%D1%8F_%D0%B2_%D0%BA%D0%B0%D0%B7%D0%B0%D1%85%D0%B0
5 неизвестных,триллер,Симон Бранд,США,2006,https://ru.wikipedia.org/wiki/5_%D0%BD%D0%B5%D0%B8%D0%B7%D0%B2%D0%B5%D1%81%D1%82%D0%BD%D1%8B%D1%85
5 недель (фильм),трагикомедия,Александр Андреев,Россия,2021,https://ru.wikipedia.org/wiki/5_%D0%BD%D0%B5%D0%B4%D0%B5%D0%BB%D1%8C_(%D1%84%D0%B8%D0%BB%D1%8C%D0%BC)
5 дней в августе,военный боевик,Ренни Харлин,США Грузия,2011,https://ru.wikipedia.org/wiki/5_%D0%B4%D0%BD%D0%B5%D0%B9_%D0%B2_%D0%B0%D0%B2%D0%B3%D1%83%D1%81%D1%82%D0%B5
4.3.2.1,триллер,Ноэль Кларк,Великобритания,2010,https://ru.wikipedia.org/wiki/4.3.2.1
4:44. Последний день на Земле,драмафантастика,Абель Феррара,США,2011,https://ru.wikipedia.org/wiki/4:44._%D0%9F%D0%BE%D1%81%D0%BB%D0%B5%D0%B4%D0%BD%D0%B8%D0%B9_%D0%B4%D0%B5%D0%BD%D1%8C_%D0%BD%D0%B0_%D0%97%D0%B5%D0%BC%D0%BB%D0%B5
4:0 в пользу Танечки,комедия,Радомир Василевский,СССР,1982,https://ru.wikipedia.org/wiki/4:0_%D0%B2_%D0%BF%D0%BE%D0%BB%D1%8C%D0%B7%D1%83_%D0%A2%D0%B0%D0%BD%D0%B5%D1%87%D0%BA%D0%B8
4 x 4 (фильм),"драма, комедия","Рольф Клеменс, Палле Кьерулф-Шмидт, Мауну Куркваара",ФинляндияНорвегияШвецияДания,1965,https://ru.wikipedia.org/wiki/4_x_4_(%D1%84%D0%B8%D0%BB%D1%8C%D0%BC)
"4 месяца, 3 недели и 2 дня",психологическая драма,Кристиан Мунджиу,Румыния,2007,"https://ru.wikipedia.org/wiki/4_%D0%BC%D0%B5%D1%81%D1%8F%D1%86%D0%B0,_3_%D0%BD%D0%B5%D0%B4%D0%B5%D0%BB%D0%B8_%D0%B8_2_%D0%B4%D0%BD%D1%8F"
4 маленькие девочки,Исторический документальный,Спайк Ли,США,1997,https://ru.wikipedia.org/wiki/4_%D0%BC%D0%B0%D0%BB%D0%B5%D0%BD%D1%8C%D0%BA%D0%B8%D0%B5_%D0%B4%D0%B5%D0%B2%D0%BE%D1%87%D0%BA%D0%B8
4 листа фанеры,детектив,Иван ГаврилюкСайдо Курбанов,Украина,1992,https://ru.wikipedia.org/wiki/4_%D0%BB%D0%B8%D1%81%D1%82%D0%B0_%D1%84%D0%B0%D0%BD%D0%B5%D1%80%D1%8B
4 дня в мае,военная драмабоевик,Ахим фон Боррис,Германия Украина Россия,2011,https://ru.wikipedia.org/wiki/4_%D0%B4%D0%BD%D1%8F_%D0%B2_%D0%BC%D0%B0%D0%B5
4 американских композитора,"документальный, музыкальный",Питер Гринуэй,Великобритания,1983,https://ru.wikipedia.org/wiki/4_%D0%B0%D0%BC%D0%B5%D1%80%D0%B8%D0%BA%D0%B0%D0%BD%D1%81%D0%BA%D0%B8%D1%85_%D0%BA%D0%BE%D0%BC%D0%BF%D0%BE%D0%B7%D0%B8%D1%82%D0%BE%D1%80%D0%B0
4 (фильм),драма,Илья Хржановский,Россия Нидерланды,2004,https://ru.wikipedia.org/wiki/4_(%D1%84%D0%B8%D0%BB%D1%8C%D0%BC)
3: История Дейла Эрнхардта,биографическая спортивная драма,Рассел Малкэхи,США,,https://ru.wikipedia.org/wiki/3:_%D0%98%D1%81%D1%82%D0%BE%D1%80%D0%B8%D1%8F_%D0%94%D0%B5%D0%B9%D0%BB%D0%B0_%D0%AD%D1%80%D0%BD%D1%85%D0%B0%D1%80%D0%B4%D1%82%D0%B0
3 ночи в пустыне,драма,Гэбриэль Коуэн[англ.],США,2014,https://ru.wikipedia.org/wiki/3_%D0%BD%D0%BE%D1%87%D0%B8_%D0%B2_%D0%BF%D1%83%D1%81%D1%82%D1%8B%D0%BD%D0%B5
"3 идиота (фильм, 2017)",комедия и семейный фильм,".mw-parser-output .ts-Wikidata-redLink a{background:none;padding:0}.mw-parser-output .ts-Wikidata-redLink a.external{color:#ba0000;color:var(--color-link-red,#ba0000)}.mw-parser-output .ts-Wikidata-redLink a.external:visited{color:#a55858;color:var(--color-link-red--visited,#a55858)}Карлос Боладо[вд]",Мексика,31 марта 2017,"https://ru.wikipedia.org/wiki/3_%D0%B8%D0%B4%D0%B8%D0%BE%D1%82%D0%B0_(%D1%84%D0%B8%D0%BB%D1%8C%D0%BC,_2017)"
3 идиота,комедия / драма,Раджкумар Хирани,Индия,2009,https://ru.wikipedia.org/wiki/3_%D0%B8%D0%B4%D0%B8%D0%BE%D1%82%D0%B0
3 гигантских человека,супергеройский фильм,".mw-parser-output .ts-Wikidata-redLink a{background:none;padding:0}.mw-parser-output .ts-Wikidata-redLink a.external{color:#ba0000;color:var(--color-link-red,#ba0000)}.mw-parser-output .ts-Wikidata-redLink a.external:visited{color:#a55858;color:var(--color-link-red--visited,#a55858)}Tevfik Fikret Uçak[вд]",,"1 ноября, 1973",https://ru.wikipedia.org/wiki/3_%D0%B3%D0%B8%D0%B3%D0%B0%D0%BD%D1%82%D1%81%D0%BA%D0%B8%D1%85_%D1%87%D0%B5%D0%BB%D0%BE%D0%B2%D0%B5%D0%BA%D0%B0
2pac: Легенда,байопикдрамабоевик,Бенни Бум,США,2017,https://ru.wikipedia.org/wiki/2pac:_%D0%9B%D0%B5%D0%B3%D0%B5%D0%BD%D0%B4%D0%B0
2+1,драма семейный,Юго Желен,Франция Великобритания,2016,https://ru.wikipedia.org/wiki/2%2B1
2:37,драма[1][2],".mw-parser-output .ts-Wikidata-redLink a{background:none;padding:0}.mw-parser-output .ts-Wikidata-redLink a.external{color:#ba0000;color:var(--color-link-red,#ba0000)}.mw-parser-output .ts-Wikidata-redLink a.external:visited{color:#a55858;color:var(--color-link-red--visited,#a55858)}Мулари К. Теллури[вд][1][2][…]",Австралия,2006,https://ru.wikipedia.org/wiki/2:37
2:22,триллер,Пол Карри[англ.],США Австралия,2017,https://ru.wikipedia.org/wiki/2:22
2-Асса-2,драма,Сергей Соловьёв,Россия,2008,https://ru.wikipedia.org/wiki/2-%D0%90%D1%81%D1%81%D0%B0-2
2 Girls 1 Cup,"порнофильм и .mw-parser-output .ts-Wikidata-redLink a{background:none;padding:0}.mw-parser-output .ts-Wikidata-redLink a.external{color:#ba0000;color:var(--color-link-red,#ba0000)}.mw-parser-output .ts-Wikidata-redLink a.external:visited{color:#a55858;color:var(--color-link-red--visited,#a55858)}ЛГБТ-фильм[вд]",Марко Фиорито[вд],Бразилия,5 января 2007,https://ru.wikipedia.org/wiki/2_Girls_1_Cup
2 секунды,комедия,Манон Брайан,Канада,1998,https://ru.wikipedia.org/wiki/2_%D1%81%D0%B5%D0%BA%D1%83%D0%BD%D0%B4%D1%8B
2 дурня в снегу,комедия,Жан-Луи Гийерму,Франция,1977,https://ru.wikipedia.org/wiki/2_%D0%B4%D1%83%D1%80%D0%BD%D1%8F_%D0%B2_%D1%81%D0%BD%D0%B5%D0%B3%D1%83
2 дня в Париже,комедиядрамамелодрама,Жюли Дельпи,Франция Германия,2007,https://ru.wikipedia.org/wiki/2_%D0%B4%D0%BD%D1%8F_%D0%B2_%D0%9F%D0%B0%D1%80%D0%B8%D0%B6%D0%B5
1+1: Голливудская история,комедийная драма,Нил Бёргер,США,2017,https://ru.wikipedia.org/wiki/1%2B1:_%D0%93%D0%BE%D0%BB%D0%BB%D0%B8%D0%B2%D1%83%D0%B4%D1%81%D0%BA%D0%B0%D1%8F_%D0%B8%D1%81%D1%82%D0%BE%D1%80%D0%B8%D1%8F
1+1 (фильм),комедийная драмабадди-муви,Оливье Накаш[2]Эрик Толедано[2],Франция,2011,https://ru.wikipedia.org/wiki/1%2B1_(%D1%84%D0%B8%D0%BB%D1%8C%D0%BC)
01-99,комедия,Амасий Мартиросян,СССР,1959,https://ru.wikipedia.org/wiki/01-99
1 миля до тебя,драмамелодрама,Лейф Тильден,США,2017,https://ru.wikipedia.org/wiki/1_%D0%BC%D0%B8%D0%BB%D1%8F_%D0%B4%D0%BE_%D1%82%D0%B5%D0%B1%D1%8F
1 % (фильм),криминальный,Стив МакКаллум,Австралия,2017,https://ru.wikipedia.org/wiki/1_%25_(%D1%84%D0%B8%D0%BB%D1%8C%D0%BC)
1 (документальный фильм),документальный,Пол Краудер,США,2013,https://ru.wikipedia.org/wiki/1_(%D0%B4%D0%BE%D0%BA%D1%83%D0%BC%D0%B5%D0%BD%D1%82%D0%B0%D0%BB%D1%8C%D0%BD%D1%8B%D0%B9_%D1%84%D0%B8%D0%BB%D1%8C%D0%BC)
0-41*,документальныйдрамакомедия,Сенна Хегде,Индия,2016,https://ru.wikipedia.org/wiki/0-41*
(Почти) пять Докторов: Перезагрузка,"комедийный фильм, кинопародия",Питер Дэвисон,Великобритания,,https://ru.wikipedia.org/wiki/(%D0%9F%D0%BE%D1%87%D1%82%D0%B8)_%D0%BF%D1%8F%D1%82%D1%8C_%D0%94%D0%BE%D0%BA%D1%82%D0%BE%D1%80%D0%BE%D0%B2:_%D0%9F%D0%B5%D1%80%D0%B5%D0%B7%D0%B0%D0%B3%D1%80%D1%83%D0%B7%D0%BA%D0%B0
(Не)идеальные роботы,"романтическая комедия, научно-фантастический фильм и экранизация литературного произведения[вд]",Энтони ХайнсКаспер Кристенсен,США,2023,https://ru.wikipedia.org/wiki/(%D0%9D%D0%B5)%D0%B8%D0%B4%D0%B5%D0%B0%D0%BB%D1%8C%D0%BD%D1%8B%D0%B5_%D1%80%D0%BE%D0%B1%D0%BE%D1%82%D1%8B
(Не)бывшие,драма и мелодрама,Стефан Бризе,Франция,"8 сентября 2023[1], 4 октября 2023[1], 20 марта 2024[1], 21 марта 2024[2], 27 марта 2024[1], 28 марта 2024[1], 1 мая 2024[3] и 2 мая 2024[1]",https://ru.wikipedia.org/wiki/(%D0%9D%D0%B5)%D0%B1%D1%8B%D0%B2%D1%88%D0%B8%D0%B5
«SOS» над тайгой,"драма, приключения","Аркадий Кольцатый, Валентин Перов",СССР,1976,https://ru.wikipedia.org/wiki/%C2%ABSOS%C2%BB_%D0%BD%D0%B0%D0%B4_%D1%82%D0%B0%D0%B9%D0%B3%D0%BE%D0%B9
«Я — Йуп Мелун» (фильм),комедия,".mw-parser-output .ts-Wikidata-redLink a{background:none;padding:0}.mw-parser-output .ts-Wikidata-redLink a.external{color:#ba0000;color:var(--color-link-red,#ba0000)}.mw-parser-output .ts-Wikidata-redLink a.external:visited{color:#a55858;color:var(--color-link-red--visited,#a55858)}Guus Verstraete jr.[вд]",Нидерланды,17 декабря 1981,https://ru.wikipedia.org/wiki/%C2%AB%D0%AF_%E2%80%94_%D0%99%D1%83%D0%BF_%D0%9C%D0%B5%D0%BB%D1%83%D0%BD%C2%BB_(%D1%84%D0%B8%D0%BB%D1%8C%D0%BC)
«Чудотворец» из Бирюлёва,игровое кино,Борис Эпштейн,СССР,1958,https://ru.wikipedia.org/wiki/%C2%AB%D0%A7%D1%83%D0%B4%D0%BE%D1%82%D0%B2%D0%BE%D1%80%D0%B5%D1%86%C2%BB_%D0%B8%D0%B7_%D0%91%D0%B8%D1%80%D1%8E%D0%BB%D1%91%D0%B2%D0%B0
«Спартак». Действующие лица и… болельщики,"документальный, спорт","Илья Гутман, Иосиф Пастернак",СССР,1985,https://ru.wikipedia.org/wiki/%C2%AB%D0%A1%D0%BF%D0%B0%D1%80%D1%82%D0%B0%D0%BA%C2%BB._%D0%94%D0%B5%D0%B9%D1%81%D1%82%D0%B2%D1%83%D1%8E%D1%89%D0%B8%D0%B5_%D0%BB%D0%B8%D1%86%D0%B0_%D0%B8%E2%80%A6_%D0%B1%D0%BE%D0%BB%D0%B5%D0%BB%D1%8C%D1%89%D0%B8%D0%BA%D0%B8
"«Москвич», любовь моя",драма,Арам Шахбазян,Армения Франция Россия,2015,"https://ru.wikipedia.org/wiki/%C2%AB%D0%9C%D0%BE%D1%81%D0%BA%D0%B2%D0%B8%D1%87%C2%BB,_%D0%BB%D1%8E%D0%B1%D0%BE%D0%B2%D1%8C_%D0%BC%D0%BE%D1%8F"
…которого любили все,документально-биографический фильм,Леонид Осыка,СССР,1982,https://ru.wikipedia.org/wiki/%E2%80%A6%D0%BA%D0%BE%D1%82%D0%BE%D1%80%D0%BE%D0%B3%D0%BE_%D0%BB%D1%8E%D0%B1%D0%B8%D0%BB%D0%B8_%D0%B2%D1%81%D0%B5
…И прекрасный миг победы,спортивный фильм,Вячеслав Винник,СССР,1984,https://ru.wikipedia.org/wiki/%E2%80%A6%D0%98_%D0%BF%D1%80%D0%B5%D0%BA%D1%80%D0%B0%D1%81%D0%BD%D1%8B%D0%B9_%D0%BC%D0%B8%D0%B3_%D0%BF%D0%BE%D0%B1%D0%B5%D0%B4%D1%8B
…и передайте привет ласточкам,"драма, военный",Яромил Йиреш,Чехословакия,1972,https://ru.wikipedia.org/wiki/%E2%80%A6%D0%B8_%D0%BF%D0%B5%D1%80%D0%B5%D0%B4%D0%B0%D0%B9%D1%82%D0%B5_%D0%BF%D1%80%D0%B8%D0%B2%D0%B5%D1%82_%D0%BB%D0%B0%D1%81%D1%82%D0%BE%D1%87%D0%BA%D0%B0%D0%BC
…а пятый всадник — Страх,"драма, военный, арт-хаус",Збынек Брыных,Чехословакия,1965,https://ru.wikipedia.org/wiki/%E2%80%A6%D0%B0_%D0%BF%D1%8F%D1%82%D1%8B%D0%B9_%D0%B2%D1%81%D0%B0%D0%B4%D0%BD%D0%B8%D0%BA_%E2%80%94_%D0%A1%D1%82%D1%80%D0%B0%D1%85
? (фильм),драма[1],".mw-parser-output .ts-Wikidata-redLink a{background:none;padding:0}.mw-parser-output .ts-Wikidata-redLink a.external{color:#ba0000;color:var(--color-link-red,#ba0000)}.mw-parser-output .ts-Wikidata-redLink a.external:visited{color:#a55858;color:var(--color-link-red--visited,#a55858)}Ханун Брамантйо[вд][1]",Индонезия,7 апреля 2011,https://ru.wikipedia.org/wiki/%3F_(%D1%84%D0%B8%D0%BB%D1%8C%D0%BC)
